{
	"format_version": "1.21.110",
	"minecraft:geometry": [
		{
			"description": {
				"identifier": "geometry.unknown",
				"texture_width": 32,
				"texture_height": 32,
				"visible_bounds_width": 3,
				"visible_bounds_height": 2.5,
				"visible_bounds_offset": [0, 0.75, 0]
			},
			"bones": [
				{
					"name": "cast_pickaxe",
					"pivot": [-0.00663, 1.35559, 0],
					"cubes": [
						{
							"origin": [-0.25884, 6.99268, -0.25],
							"size": [0.5, 2, 0.5],
							"pivot": [-0.00884, 7.99268, 0],
							"rotation": [-90, 0, -45],
							"uv": {
								"north": {"uv": [15.51515, 0], "uv_size": [0.9697, 3.87879]},
								"east": {"uv": [15.51515, 5.81818], "uv_size": [0.9697, 3.87879]},
								"south": {"uv": [15.51515, 11.63636], "uv_size": [0.9697, 3.87879]},
								"west": {"uv": [15.51515, 17.45455], "uv_size": [0.9697, 3.87879]},
								"up": {"uv": [27.15152, 19.39394], "uv_size": [0.9697, 0.9697]},
								"down": {"uv": [27.15152, 24.24242], "uv_size": [0.9697, -0.9697]}
							}
						},
						{
							"origin": [-0.14116, 0, -0.25],
							"size": [0.3, 8.5, 0.5],
							"uv": {
								"north": {"uv": [0, 0], "uv_size": [0.9697, 16.48485]},
								"east": {"uv": [3.87879, 0], "uv_size": [0.9697, 16.48485]},
								"south": {"uv": [7.75758, 0], "uv_size": [0.9697, 16.48485]},
								"west": {"uv": [11.63636, 0], "uv_size": [0.9697, 16.48485]},
								"up": {"uv": [27.15152, 27.15152], "uv_size": [0.9697, 0.9697]},
								"down": {"uv": [3.87879, 30.06061], "uv_size": [0.9697, -0.9697]}
							}
						},
						{
							"origin": [-0.20884, 7.32019, -1.73986],
							"size": [0.4, 1.25, 0.4],
							"pivot": [-0.00884, 7.94519, -1.53986],
							"rotation": [-86.45998, 3.53329, -44.89078],
							"uv": {
								"north": {"uv": [0, 19.39394], "uv_size": [0.9697, 2.90909]},
								"east": {"uv": [19.39394, 0], "uv_size": [0.9697, 2.90909]},
								"south": {"uv": [3.87879, 19.39394], "uv_size": [0.9697, 2.90909]},
								"west": {"uv": [19.39394, 5.81818], "uv_size": [0.9697, 2.90909]},
								"up": {"uv": [7.75758, 29.09091], "uv_size": [0.9697, 0.9697]},
								"down": {"uv": [11.63636, 30.06061], "uv_size": [0.9697, -0.9697]}
							}
						},
						{
							"origin": [-0.15884, 7.15436, -2.86085],
							"size": [0.3, 1.25, 0.3],
							"pivot": [-0.00884, 7.77936, -2.71085],
							"rotation": [-82.89292, 7.05302, -44.56145],
							"uv": {
								"north": {"uv": [7.75758, 19.39394], "uv_size": [0.9697, 2.90909]},
								"east": {"uv": [11.63636, 19.39394], "uv_size": [0.9697, 2.90909]},
								"south": {"uv": [19.39394, 11.63636], "uv_size": [0.9697, 2.90909]},
								"west": {"uv": [19.39394, 17.45455], "uv_size": [0.9697, 2.90909]},
								"up": {"uv": [15.51515, 29.09091], "uv_size": [0.9697, 0.9697]},
								"down": {"uv": [19.39394, 30.06061], "uv_size": [0.9697, -0.9697]}
							}
						},
						{
							"origin": [-0.10884, 7.07645, -3.84564],
							"size": [0.2, 1, 0.2],
							"pivot": [-0.00884, 7.57645, -3.74564],
							"rotation": [-79.27142, 10.54529, -44.00703],
							"uv": {
								"north": {"uv": [3.87879, 25.21212], "uv_size": [0.9697, 1.93939]},
								"east": {"uv": [7.75758, 25.21212], "uv_size": [0.9697, 1.93939]},
								"south": {"uv": [11.63636, 25.21212], "uv_size": [0.9697, 1.93939]},
								"west": {"uv": [27.15152, 0], "uv_size": [0.9697, 1.93939]},
								"up": {"uv": [23.27273, 29.09091], "uv_size": [0.9697, 0.9697]},
								"down": {"uv": [0, 32], "uv_size": [0.9697, -0.9697]}
							}
						},
						{
							"origin": [-0.10884, 7.07645, 3.64564],
							"size": [0.2, 1, 0.2],
							"pivot": [-0.00884, 7.57645, 3.74564],
							"rotation": [79.27142, -10.54529, -44.00703],
							"uv": {
								"north": {"uv": [27.15152, 3.87879], "uv_size": [0.9697, 1.93939]},
								"east": {"uv": [27.15152, 7.75758], "uv_size": [0.9697, 1.93939]},
								"south": {"uv": [27.15152, 11.63636], "uv_size": [0.9697, 1.93939]},
								"west": {"uv": [27.15152, 15.51515], "uv_size": [0.9697, 1.93939]},
								"up": {"uv": [31.0303, 0], "uv_size": [0.9697, 0.9697]},
								"down": {"uv": [31.0303, 4.84848], "uv_size": [0.9697, -0.9697]}
							}
						},
						{
							"origin": [-0.15884, 7.15436, 2.56085],
							"size": [0.3, 1.25, 0.3],
							"pivot": [-0.00884, 7.77936, 2.71085],
							"rotation": [82.89292, -7.05302, -44.56145],
							"uv": {
								"north": {"uv": [23.27273, 0], "uv_size": [0.9697, 2.90909]},
								"east": {"uv": [23.27273, 5.81818], "uv_size": [0.9697, 2.90909]},
								"south": {"uv": [23.27273, 11.63636], "uv_size": [0.9697, 2.90909]},
								"west": {"uv": [15.51515, 23.27273], "uv_size": [0.9697, 2.90909]},
								"up": {"uv": [31.0303, 7.75758], "uv_size": [0.9697, 0.9697]},
								"down": {"uv": [31.0303, 12.60606], "uv_size": [0.9697, -0.9697]}
							}
						},
						{
							"origin": [-0.20884, 7.32019, 1.33986],
							"size": [0.4, 1.25, 0.4],
							"pivot": [-0.00884, 7.94519, 1.53986],
							"rotation": [86.45998, -3.53329, -44.89078],
							"uv": {
								"north": {"uv": [23.27273, 17.45455], "uv_size": [0.9697, 2.90909]},
								"east": {"uv": [19.39394, 23.27273], "uv_size": [0.9697, 2.90909]},
								"south": {"uv": [23.27273, 23.27273], "uv_size": [0.9697, 2.90909]},
								"west": {"uv": [0, 25.21212], "uv_size": [0.9697, 2.90909]},
								"up": {"uv": [31.0303, 15.51515], "uv_size": [0.9697, 0.9697]},
								"down": {"uv": [31.0303, 20.36364], "uv_size": [0.9697, -0.9697]}
							}
						}
					]
				}
			]
		}
	]
}